-- phpMyAdmin SQL Dump
-- version 5.2.1
-- https://www.phpmyadmin.net/
--
-- Host: 127.0.0.1
-- Generation Time: Dec 23, 2023 at 04:49 AM
-- Server version: 10.4.28-MariaDB
-- PHP Version: 8.0.28

SET SQL_MODE = "NO_AUTO_VALUE_ON_ZERO";
START TRANSACTION;
SET time_zone = "+00:00";


/*!40101 SET @OLD_CHARACTER_SET_CLIENT=@@CHARACTER_SET_CLIENT */;
/*!40101 SET @OLD_CHARACTER_SET_RESULTS=@@CHARACTER_SET_RESULTS */;
/*!40101 SET @OLD_COLLATION_CONNECTION=@@COLLATION_CONNECTION */;
/*!40101 SET NAMES utf8mb4 */;

--
-- Database: `penggunaan`
--

-- --------------------------------------------------------

--
-- Table structure for table `accounts`
--

CREATE TABLE `accounts` (
  `id` bigint(20) UNSIGNED NOT NULL,
  `name` varchar(255) NOT NULL,
  `created_at` timestamp NULL DEFAULT NULL,
  `updated_at` timestamp NULL DEFAULT NULL
) ENGINE=InnoDB DEFAULT CHARSET=utf8mb4 COLLATE=utf8mb4_unicode_ci;

--
-- Dumping data for table `accounts`
--

INSERT INTO `accounts` (`id`, `name`, `created_at`, `updated_at`) VALUES
(1, 'admin', '2023-10-30 01:49:40', '2023-10-30 01:49:40'),
(2, 'Ahmadi Mahrus Ali', '2023-12-09 01:52:51', '2023-12-09 01:52:51');

-- --------------------------------------------------------

--
-- Table structure for table `alats`
--

CREATE TABLE `alats` (
  `id` int(11) NOT NULL,
  `nama` varchar(255) NOT NULL,
  `jumlah` int(11) NOT NULL,
  `updated_at` timestamp NULL DEFAULT NULL,
  `created_at` timestamp NULL DEFAULT NULL,
  `status_alat` int(11) NOT NULL
) ENGINE=InnoDB DEFAULT CHARSET=utf8mb4 COLLATE=utf8mb4_general_ci;

--
-- Dumping data for table `alats`
--

INSERT INTO `alats` (`id`, `nama`, `jumlah`, `updated_at`, `created_at`, `status_alat`) VALUES
(1, 'Proyektor 1', 1, '2023-11-15 07:35:08', NULL, 0),
(2, 'Proyektor 2', 1, '2023-11-10 11:14:36', NULL, 0),
(3, 'Proyektor 3', 1, '2023-11-05 07:12:56', NULL, 0),
(4, 'Proyektor 4', 1, '2023-11-02 18:54:33', NULL, 0),
(5, 'Proyektor 5', 1, '2023-11-02 18:54:31', NULL, 0),
(6, 'Proyektor 6', 1, '2023-11-05 07:08:07', '2023-11-05 07:08:07', 0),
(7, 'Proyektor 7', 1, '2023-11-05 07:08:49', '2023-11-05 07:08:49', 0),
(8, 'Kabel HDMI', 7, '2023-11-14 22:38:56', '2023-11-14 22:38:56', 0),
(9, 'Kabel VGA', 7, '2023-11-14 22:39:16', '2023-11-14 22:39:16', 0),
(10, 'Kabel Power', 7, '2023-11-14 22:39:31', '2023-11-14 22:39:31', 0),
(11, 'Kabel Terminal', 5, '2023-11-14 22:39:58', '2023-11-14 22:39:58', 0),
(12, 'spidol & penghapus', 10, '2023-11-30 04:10:30', '2023-11-30 04:10:30', 0),
(13, 'kunci', 1, '2023-12-10 06:26:58', '2023-12-10 06:26:58', 0),
(14, 'Remot AC', 5, '2023-12-10 06:27:41', '2023-12-10 06:27:41', 0);

-- --------------------------------------------------------

--
-- Table structure for table `detail_pengguna`
--

CREATE TABLE `detail_pengguna` (
  `id` int(11) NOT NULL,
  `id_pengguna` int(11) NOT NULL,
  `id_alat` int(11) NOT NULL,
  `id_tas` int(11) NOT NULL,
  `tgl_kembali` datetime DEFAULT NULL,
  `created_at` datetime DEFAULT NULL,
  `updated_at` datetime DEFAULT NULL
) ENGINE=InnoDB DEFAULT CHARSET=utf8mb4 COLLATE=utf8mb4_general_ci;

--
-- Dumping data for table `detail_pengguna`
--

INSERT INTO `detail_pengguna` (`id`, `id_pengguna`, `id_alat`, `id_tas`, `tgl_kembali`, `created_at`, `updated_at`) VALUES
(1, 1, 1, 1, NULL, '2023-12-02 13:09:20', '2023-12-02 13:09:20'),
(2, 1, 8, 1, NULL, '2023-12-02 13:09:20', '2023-12-02 13:09:20'),
(3, 1, 9, 1, NULL, '2023-12-02 13:09:20', '2023-12-02 13:09:20'),
(4, 1, 10, 1, NULL, '2023-12-02 13:09:20', '2023-12-02 13:09:20'),
(5, 2, 2, 2, NULL, '2023-12-02 13:10:58', '2023-12-02 13:10:58'),
(6, 2, 8, 2, NULL, '2023-12-02 13:10:58', '2023-12-02 13:10:58'),
(7, 2, 9, 2, NULL, '2023-12-02 13:10:58', '2023-12-02 13:10:58'),
(8, 2, 10, 2, NULL, '2023-12-02 13:10:58', '2023-12-02 13:10:58'),
(9, 3, 1, 1, NULL, '2023-12-03 08:32:43', '2023-12-03 08:32:43'),
(10, 3, 8, 1, NULL, '2023-12-03 08:32:43', '2023-12-03 08:32:43'),
(11, 3, 9, 1, NULL, '2023-12-03 08:32:43', '2023-12-03 08:32:43'),
(12, 3, 10, 1, NULL, '2023-12-03 08:32:43', '2023-12-03 08:32:43'),
(13, 4, 2, 2, NULL, '2023-12-03 09:46:42', '2023-12-03 09:46:42'),
(14, 4, 8, 2, NULL, '2023-12-03 09:46:42', '2023-12-03 09:46:42'),
(15, 4, 9, 2, NULL, '2023-12-03 09:46:42', '2023-12-03 09:46:42'),
(16, 4, 10, 2, NULL, '2023-12-03 09:46:42', '2023-12-03 09:46:42'),
(17, 5, 3, 3, NULL, '2023-12-03 11:20:03', '2023-12-03 11:20:03'),
(18, 5, 8, 3, NULL, '2023-12-03 11:20:03', '2023-12-03 11:20:03'),
(19, 5, 9, 3, NULL, '2023-12-03 11:20:03', '2023-12-03 11:20:03'),
(20, 5, 10, 3, NULL, '2023-12-03 11:20:03', '2023-12-03 11:20:03'),
(21, 8, 1, 1, NULL, '2023-12-03 13:05:28', '2023-12-03 13:05:28'),
(22, 8, 8, 1, NULL, '2023-12-03 13:05:28', '2023-12-03 13:05:28'),
(23, 8, 9, 1, NULL, '2023-12-03 13:05:28', '2023-12-03 13:05:28'),
(24, 8, 10, 1, NULL, '2023-12-03 13:05:28', '2023-12-03 13:05:28'),
(25, 9, 2, 2, NULL, '2023-12-03 13:35:00', '2023-12-03 13:35:00'),
(26, 9, 8, 2, NULL, '2023-12-03 13:35:00', '2023-12-03 13:35:00'),
(27, 9, 9, 2, NULL, '2023-12-03 13:35:00', '2023-12-03 13:35:00'),
(28, 9, 10, 2, NULL, '2023-12-03 13:35:00', '2023-12-03 13:35:00'),
(29, 11, 1, 1, NULL, '2023-12-04 14:00:44', '2023-12-04 14:00:44'),
(30, 11, 8, 1, NULL, '2023-12-04 14:00:44', '2023-12-04 14:00:44'),
(31, 11, 9, 1, NULL, '2023-12-04 14:00:44', '2023-12-04 14:00:44'),
(32, 11, 10, 1, NULL, '2023-12-04 14:00:44', '2023-12-04 14:00:44'),
(33, 12, 4, 4, NULL, '2023-12-04 14:48:58', '2023-12-04 14:48:58'),
(34, 12, 8, 4, NULL, '2023-12-04 14:48:58', '2023-12-04 14:48:58'),
(35, 12, 9, 4, NULL, '2023-12-04 14:48:58', '2023-12-04 14:48:58'),
(36, 12, 10, 4, NULL, '2023-12-04 14:48:58', '2023-12-04 14:48:58'),
(37, 13, 2, 2, NULL, '2023-12-04 15:08:24', '2023-12-04 15:08:24'),
(38, 13, 8, 2, NULL, '2023-12-04 15:08:24', '2023-12-04 15:08:24'),
(39, 13, 9, 2, NULL, '2023-12-04 15:08:24', '2023-12-04 15:08:24'),
(40, 13, 10, 2, NULL, '2023-12-04 15:08:24', '2023-12-04 15:08:24'),
(41, 14, 7, 7, NULL, '2023-12-04 15:19:35', '2023-12-04 15:19:35'),
(42, 14, 8, 7, NULL, '2023-12-04 15:19:35', '2023-12-04 15:19:35'),
(43, 14, 9, 7, NULL, '2023-12-04 15:19:35', '2023-12-04 15:19:35'),
(44, 14, 10, 7, NULL, '2023-12-04 15:19:35', '2023-12-04 15:19:35'),
(45, 15, 3, 3, NULL, '2023-12-04 16:23:33', '2023-12-04 16:23:33'),
(46, 15, 8, 3, NULL, '2023-12-04 16:23:33', '2023-12-04 16:23:33'),
(47, 15, 9, 3, NULL, '2023-12-04 16:23:33', '2023-12-04 16:23:33'),
(48, 15, 10, 3, NULL, '2023-12-04 16:23:34', '2023-12-04 16:23:34'),
(49, 16, 1, 1, NULL, '2023-12-09 08:10:19', '2023-12-09 08:10:19'),
(50, 16, 8, 1, NULL, '2023-12-09 08:10:19', '2023-12-09 08:10:19'),
(51, 16, 9, 1, NULL, '2023-12-09 08:10:19', '2023-12-09 08:10:19'),
(52, 16, 10, 1, NULL, '2023-12-09 08:10:19', '2023-12-09 08:10:19'),
(57, 18, 3, 3, NULL, '2023-12-09 08:16:44', '2023-12-09 08:16:44'),
(58, 18, 8, 3, NULL, '2023-12-09 08:16:44', '2023-12-09 08:16:44'),
(59, 18, 9, 3, NULL, '2023-12-09 08:16:44', '2023-12-09 08:16:44'),
(60, 18, 10, 3, NULL, '2023-12-09 08:16:44', '2023-12-09 08:16:44'),
(61, 20, 4, 4, NULL, '2023-12-09 08:42:38', '2023-12-09 08:42:38'),
(62, 20, 8, 4, NULL, '2023-12-09 08:42:39', '2023-12-09 08:42:39'),
(63, 20, 9, 4, NULL, '2023-12-09 08:42:39', '2023-12-09 08:42:39'),
(64, 20, 10, 4, NULL, '2023-12-09 08:42:39', '2023-12-09 08:42:39'),
(65, 24, 1, 1, NULL, '2023-12-10 09:29:23', '2023-12-10 09:29:23'),
(66, 24, 8, 1, NULL, '2023-12-10 09:29:23', '2023-12-10 09:29:23'),
(67, 24, 9, 1, NULL, '2023-12-10 09:29:23', '2023-12-10 09:29:23'),
(68, 24, 10, 1, NULL, '2023-12-10 09:29:23', '2023-12-10 09:29:23'),
(69, 25, 2, 2, NULL, '2023-12-10 11:28:22', '2023-12-10 11:28:22'),
(70, 25, 8, 2, NULL, '2023-12-10 11:28:22', '2023-12-10 11:28:22'),
(71, 25, 9, 2, NULL, '2023-12-10 11:28:22', '2023-12-10 11:28:22'),
(72, 25, 10, 2, NULL, '2023-12-10 11:28:22', '2023-12-10 11:28:22'),
(73, 27, 2, 2, NULL, '2023-12-10 13:15:04', '2023-12-10 13:15:04'),
(74, 27, 8, 2, NULL, '2023-12-10 13:15:04', '2023-12-10 13:15:04'),
(75, 27, 9, 2, NULL, '2023-12-10 13:15:04', '2023-12-10 13:15:04'),
(76, 27, 10, 2, NULL, '2023-12-10 13:15:04', '2023-12-10 13:15:04'),
(77, 30, 1, 1, NULL, '2023-12-11 13:18:09', '2023-12-11 13:18:09'),
(78, 30, 8, 1, NULL, '2023-12-11 13:18:09', '2023-12-11 13:18:09'),
(79, 30, 9, 1, NULL, '2023-12-11 13:18:09', '2023-12-11 13:18:09'),
(80, 30, 10, 1, NULL, '2023-12-11 13:18:09', '2023-12-11 13:18:09'),
(81, 32, 2, 2, NULL, '2023-12-11 13:56:28', '2023-12-11 13:56:28'),
(82, 32, 8, 2, NULL, '2023-12-11 13:56:28', '2023-12-11 13:56:28'),
(83, 32, 9, 2, NULL, '2023-12-11 13:56:28', '2023-12-11 13:56:28'),
(84, 32, 10, 2, NULL, '2023-12-11 13:56:28', '2023-12-11 13:56:28'),
(85, 33, 3, 3, NULL, '2023-12-11 14:54:56', '2023-12-11 14:54:56'),
(86, 33, 8, 3, NULL, '2023-12-11 14:54:56', '2023-12-11 14:54:56'),
(87, 33, 9, 3, NULL, '2023-12-11 14:54:56', '2023-12-11 14:54:56'),
(88, 33, 10, 3, NULL, '2023-12-11 14:54:56', '2023-12-11 14:54:56'),
(89, 34, 2, 2, NULL, '2023-12-11 16:14:10', '2023-12-11 16:14:10'),
(90, 34, 8, 2, NULL, '2023-12-11 16:14:10', '2023-12-11 16:14:10'),
(91, 34, 9, 2, NULL, '2023-12-11 16:14:10', '2023-12-11 16:14:10'),
(92, 34, 10, 2, NULL, '2023-12-11 16:14:10', '2023-12-11 16:14:10'),
(93, 35, 2, 2, NULL, '2023-12-12 12:46:43', '2023-12-12 12:46:43'),
(94, 35, 8, 2, NULL, '2023-12-12 12:46:43', '2023-12-12 12:46:43'),
(95, 35, 9, 2, NULL, '2023-12-12 12:46:43', '2023-12-12 12:46:43'),
(96, 35, 10, 2, NULL, '2023-12-12 12:46:43', '2023-12-12 12:46:43'),
(97, 36, 1, 1, NULL, '2023-12-12 13:15:57', '2023-12-12 13:15:57'),
(98, 36, 8, 1, NULL, '2023-12-12 13:15:57', '2023-12-12 13:15:57'),
(99, 36, 9, 1, NULL, '2023-12-12 13:15:57', '2023-12-12 13:15:57'),
(100, 36, 10, 1, NULL, '2023-12-12 13:15:57', '2023-12-12 13:15:57'),
(101, 37, 3, 3, NULL, '2023-12-12 13:27:23', '2023-12-12 13:27:23'),
(102, 37, 8, 3, NULL, '2023-12-12 13:27:23', '2023-12-12 13:27:23'),
(103, 37, 9, 3, NULL, '2023-12-12 13:27:23', '2023-12-12 13:27:23'),
(104, 37, 10, 3, NULL, '2023-12-12 13:27:23', '2023-12-12 13:27:23'),
(105, 38, 5, 5, NULL, '2023-12-12 14:13:44', '2023-12-12 14:13:44'),
(106, 38, 8, 5, NULL, '2023-12-12 14:13:44', '2023-12-12 14:13:44'),
(107, 38, 9, 5, NULL, '2023-12-12 14:13:44', '2023-12-12 14:13:44'),
(108, 38, 10, 5, NULL, '2023-12-12 14:13:44', '2023-12-12 14:13:44'),
(109, 39, 1, 1, NULL, '2023-12-12 14:52:32', '2023-12-12 14:52:32'),
(110, 39, 8, 1, NULL, '2023-12-12 14:52:32', '2023-12-12 14:52:32'),
(111, 39, 9, 1, NULL, '2023-12-12 14:52:32', '2023-12-12 14:52:32'),
(112, 39, 10, 1, NULL, '2023-12-12 14:52:32', '2023-12-12 14:52:32'),
(113, 40, 6, 6, NULL, '2023-12-12 14:55:49', '2023-12-12 14:55:49'),
(114, 40, 8, 6, NULL, '2023-12-12 14:55:49', '2023-12-12 14:55:49'),
(115, 40, 9, 6, NULL, '2023-12-12 14:55:49', '2023-12-12 14:55:49'),
(116, 40, 10, 6, NULL, '2023-12-12 14:55:49', '2023-12-12 14:55:49'),
(117, 41, 7, 7, NULL, '2023-12-12 15:04:48', '2023-12-12 15:04:48'),
(118, 41, 8, 7, NULL, '2023-12-12 15:04:48', '2023-12-12 15:04:48'),
(119, 41, 9, 7, NULL, '2023-12-12 15:04:48', '2023-12-12 15:04:48'),
(120, 41, 10, 7, NULL, '2023-12-12 15:04:48', '2023-12-12 15:04:48'),
(121, 42, 1, 1, NULL, '2023-12-12 16:03:21', '2023-12-12 16:03:21'),
(122, 42, 8, 1, NULL, '2023-12-12 16:03:21', '2023-12-12 16:03:21'),
(123, 42, 9, 1, NULL, '2023-12-12 16:03:21', '2023-12-12 16:03:21'),
(124, 42, 10, 1, NULL, '2023-12-12 16:03:21', '2023-12-12 16:03:21'),
(125, 43, 1, 1, NULL, '2023-12-13 13:08:06', '2023-12-13 13:08:06'),
(126, 43, 8, 1, NULL, '2023-12-13 13:08:06', '2023-12-13 13:08:06'),
(127, 43, 9, 1, NULL, '2023-12-13 13:08:07', '2023-12-13 13:08:07'),
(128, 43, 10, 1, NULL, '2023-12-13 13:08:07', '2023-12-13 13:08:07'),
(129, 44, 2, 2, NULL, '2023-12-13 14:02:15', '2023-12-13 14:02:15'),
(130, 44, 8, 2, NULL, '2023-12-13 14:02:15', '2023-12-13 14:02:15'),
(131, 44, 9, 2, NULL, '2023-12-13 14:02:15', '2023-12-13 14:02:15'),
(132, 44, 10, 2, NULL, '2023-12-13 14:02:15', '2023-12-13 14:02:15'),
(133, 45, 3, 3, NULL, '2023-12-13 14:36:01', '2023-12-13 14:36:01'),
(134, 45, 8, 3, NULL, '2023-12-13 14:36:01', '2023-12-13 14:36:01'),
(135, 45, 9, 3, NULL, '2023-12-13 14:36:01', '2023-12-13 14:36:01'),
(136, 45, 10, 3, NULL, '2023-12-13 14:36:01', '2023-12-13 14:36:01'),
(137, 46, 4, 4, NULL, '2023-12-13 15:36:42', '2023-12-13 15:36:42'),
(138, 46, 8, 4, NULL, '2023-12-13 15:36:42', '2023-12-13 15:36:42'),
(139, 46, 9, 4, NULL, '2023-12-13 15:36:42', '2023-12-13 15:36:42'),
(140, 46, 10, 4, NULL, '2023-12-13 15:36:42', '2023-12-13 15:36:42'),
(141, 48, 1, 1, NULL, '2023-12-13 16:30:02', '2023-12-13 16:30:02'),
(142, 48, 8, 1, NULL, '2023-12-13 16:30:02', '2023-12-13 16:30:02'),
(143, 48, 9, 1, NULL, '2023-12-13 16:30:02', '2023-12-13 16:30:02'),
(144, 48, 10, 1, NULL, '2023-12-13 16:30:02', '2023-12-13 16:30:02'),
(145, 49, 1, 1, NULL, '2023-12-16 08:06:04', '2023-12-16 08:06:04'),
(146, 49, 8, 1, NULL, '2023-12-16 08:06:04', '2023-12-16 08:06:04'),
(147, 49, 9, 1, NULL, '2023-12-16 08:06:04', '2023-12-16 08:06:04'),
(148, 49, 10, 1, NULL, '2023-12-16 08:06:04', '2023-12-16 08:06:04'),
(149, 50, 3, 3, NULL, '2023-12-16 09:45:56', '2023-12-16 09:45:56'),
(150, 50, 8, 3, NULL, '2023-12-16 09:45:56', '2023-12-16 09:45:56'),
(151, 50, 9, 3, NULL, '2023-12-16 09:45:56', '2023-12-16 09:45:56'),
(152, 50, 10, 3, NULL, '2023-12-16 09:45:56', '2023-12-16 09:45:56'),
(153, 51, 1, 1, NULL, '2023-12-16 10:20:13', '2023-12-16 10:20:13'),
(154, 51, 8, 1, NULL, '2023-12-16 10:20:13', '2023-12-16 10:20:13'),
(155, 51, 9, 1, NULL, '2023-12-16 10:20:13', '2023-12-16 10:20:13'),
(156, 51, 10, 1, NULL, '2023-12-16 10:20:13', '2023-12-16 10:20:13'),
(157, 52, 3, 3, NULL, '2023-12-16 13:13:03', '2023-12-16 13:13:03'),
(158, 52, 8, 3, NULL, '2023-12-16 13:13:03', '2023-12-16 13:13:03'),
(159, 52, 9, 3, NULL, '2023-12-16 13:13:03', '2023-12-16 13:13:03'),
(160, 52, 10, 3, NULL, '2023-12-16 13:13:03', '2023-12-16 13:13:03'),
(161, 53, 3, 3, '2023-12-17 10:21:51', '2023-12-17 08:34:26', '2023-12-17 10:21:51'),
(162, 53, 8, 3, '2023-12-17 10:21:51', '2023-12-17 08:34:26', '2023-12-17 10:21:51'),
(163, 53, 9, 3, '2023-12-17 10:21:51', '2023-12-17 08:34:26', '2023-12-17 10:21:51'),
(164, 53, 10, 3, '2023-12-17 10:21:51', '2023-12-17 08:34:26', '2023-12-17 10:21:51'),
(165, 54, 1, 1, '2023-12-17 12:36:54', '2023-12-17 09:54:20', '2023-12-17 12:36:54'),
(166, 54, 8, 1, '2023-12-17 12:36:54', '2023-12-17 09:54:20', '2023-12-17 12:36:54'),
(167, 54, 9, 1, '2023-12-17 12:36:54', '2023-12-17 09:54:20', '2023-12-17 12:36:54'),
(168, 54, 10, 1, '2023-12-17 12:36:54', '2023-12-17 09:54:20', '2023-12-17 12:36:54'),
(169, 55, 4, 4, '2023-12-17 12:35:59', '2023-12-17 11:25:40', '2023-12-17 12:35:59'),
(170, 55, 8, 4, '2023-12-17 12:35:59', '2023-12-17 11:25:40', '2023-12-17 12:35:59'),
(171, 55, 9, 4, '2023-12-17 12:35:59', '2023-12-17 11:25:40', '2023-12-17 12:35:59'),
(172, 55, 10, 4, '2023-12-17 12:35:59', '2023-12-17 11:25:40', '2023-12-17 12:35:59'),
(173, 56, 4, 4, '2023-12-17 15:32:51', '2023-12-17 13:18:39', '2023-12-17 15:32:51'),
(174, 56, 8, 4, '2023-12-17 15:32:51', '2023-12-17 13:18:39', '2023-12-17 15:32:51'),
(175, 56, 9, 4, '2023-12-17 15:32:51', '2023-12-17 13:18:39', '2023-12-17 15:32:51'),
(176, 56, 10, 4, '2023-12-17 15:32:51', '2023-12-17 13:18:39', '2023-12-17 15:32:51'),
(177, 57, 3, 3, '2023-12-17 16:17:11', '2023-12-17 14:07:02', '2023-12-17 16:17:11'),
(178, 57, 8, 3, '2023-12-17 16:17:11', '2023-12-17 14:07:02', '2023-12-17 16:17:11'),
(179, 57, 9, 3, '2023-12-17 16:17:11', '2023-12-17 14:07:02', '2023-12-17 16:17:11'),
(180, 57, 10, 3, '2023-12-17 16:17:11', '2023-12-17 14:07:02', '2023-12-17 16:17:11'),
(181, 58, 1, 1, '2023-12-18 17:30:16', '2023-12-18 13:11:33', '2023-12-18 17:30:16'),
(182, 58, 8, 1, '2023-12-18 17:30:16', '2023-12-18 13:11:33', '2023-12-18 17:30:16'),
(183, 58, 9, 1, '2023-12-18 17:30:16', '2023-12-18 13:11:33', '2023-12-18 17:30:16'),
(184, 58, 10, 1, '2023-12-18 17:30:16', '2023-12-18 13:11:33', '2023-12-18 17:30:16'),
(185, 59, 3, 3, '2023-12-18 17:23:06', '2023-12-18 14:03:50', '2023-12-18 17:23:06'),
(186, 59, 8, 3, '2023-12-18 17:23:06', '2023-12-18 14:03:50', '2023-12-18 17:23:06'),
(187, 59, 9, 3, '2023-12-18 17:23:06', '2023-12-18 14:03:50', '2023-12-18 17:23:06'),
(188, 59, 10, 3, '2023-12-18 17:23:06', '2023-12-18 14:03:51', '2023-12-18 17:23:06'),
(189, 60, 2, 2, '2023-12-18 18:23:45', '2023-12-18 14:16:28', '2023-12-18 18:23:45'),
(190, 60, 8, 2, '2023-12-18 18:23:45', '2023-12-18 14:16:28', '2023-12-18 18:23:45'),
(191, 60, 10, 2, '2023-12-18 18:23:45', '2023-12-18 14:16:28', '2023-12-18 18:23:45'),
(192, 61, 5, 5, '2023-12-18 17:43:35', '2023-12-18 14:58:45', '2023-12-18 17:43:35'),
(193, 61, 8, 5, '2023-12-18 17:43:35', '2023-12-18 14:58:46', '2023-12-18 17:43:35'),
(194, 61, 10, 5, '2023-12-18 17:43:35', '2023-12-18 14:58:46', '2023-12-18 17:43:35'),
(195, 62, 1, 1, '2023-12-19 13:54:56', '2023-12-19 13:04:39', '2023-12-19 13:54:56'),
(196, 62, 8, 1, '2023-12-19 13:54:56', '2023-12-19 13:04:39', '2023-12-19 13:54:56'),
(197, 62, 9, 1, '2023-12-19 13:54:56', '2023-12-19 13:04:39', '2023-12-19 13:54:56'),
(198, 62, 10, 1, '2023-12-19 13:54:56', '2023-12-19 13:04:39', '2023-12-19 13:54:56'),
(199, 63, 3, 3, '2023-12-19 14:14:53', '2023-12-19 13:07:49', '2023-12-19 14:14:53'),
(200, 63, 8, 3, '2023-12-19 14:14:53', '2023-12-19 13:07:49', '2023-12-19 14:14:53'),
(201, 63, 9, 3, '2023-12-19 14:14:53', '2023-12-19 13:07:49', '2023-12-19 14:14:53'),
(202, 63, 10, 3, '2023-12-19 14:14:53', '2023-12-19 13:07:49', '2023-12-19 14:14:53'),
(203, 64, 2, 2, '2023-12-19 14:50:26', '2023-12-19 13:45:30', '2023-12-19 14:50:26'),
(204, 64, 8, 2, '2023-12-19 14:50:26', '2023-12-19 13:45:30', '2023-12-19 14:50:26'),
(205, 64, 10, 2, '2023-12-19 14:50:26', '2023-12-19 13:45:30', '2023-12-19 14:50:26'),
(206, 65, 3, 3, '2023-12-19 16:18:35', '2023-12-19 15:04:16', '2023-12-19 16:18:35'),
(207, 65, 8, 3, '2023-12-19 16:18:35', '2023-12-19 15:04:16', '2023-12-19 16:18:35'),
(208, 65, 10, 3, '2023-12-19 16:18:35', '2023-12-19 15:04:16', '2023-12-19 16:18:35'),
(209, 66, 2, 2, '2023-12-19 16:10:23', '2023-12-19 15:09:55', '2023-12-19 16:10:23'),
(210, 66, 8, 2, '2023-12-19 16:10:23', '2023-12-19 15:09:55', '2023-12-19 16:10:23'),
(211, 66, 9, 2, '2023-12-19 16:10:23', '2023-12-19 15:09:55', '2023-12-19 16:10:23'),
(212, 66, 10, 2, '2023-12-19 16:10:23', '2023-12-19 15:09:55', '2023-12-19 16:10:23'),
(213, 67, 1, 1, '2023-12-19 17:28:16', '2023-12-19 16:18:18', '2023-12-19 17:28:16'),
(214, 67, 8, 1, '2023-12-19 17:28:16', '2023-12-19 16:18:18', '2023-12-19 17:28:16'),
(215, 67, 9, 1, '2023-12-19 17:28:16', '2023-12-19 16:18:18', '2023-12-19 17:28:16'),
(216, 67, 10, 1, '2023-12-19 17:28:16', '2023-12-19 16:18:18', '2023-12-19 17:28:16'),
(217, 68, 2, 2, '2023-12-19 19:54:09', '2023-12-19 16:45:33', '2023-12-19 19:54:09'),
(218, 68, 8, 2, '2023-12-19 19:54:09', '2023-12-19 16:45:33', '2023-12-19 19:54:09'),
(219, 68, 9, 2, '2023-12-19 19:54:09', '2023-12-19 16:45:33', '2023-12-19 19:54:09'),
(220, 68, 10, 2, '2023-12-19 19:54:09', '2023-12-19 16:45:33', '2023-12-19 19:54:09'),
(221, 69, 2, 2, '2023-12-20 14:23:21', '2023-12-20 13:07:59', '2023-12-20 14:23:21'),
(222, 69, 8, 2, '2023-12-20 14:23:21', '2023-12-20 13:07:59', '2023-12-20 14:23:21'),
(223, 69, 9, 2, '2023-12-20 14:23:21', '2023-12-20 13:07:59', '2023-12-20 14:23:21'),
(224, 69, 10, 2, '2023-12-20 14:23:21', '2023-12-20 13:07:59', '2023-12-20 14:23:21'),
(225, 70, 3, 3, '2023-12-20 17:51:58', '2023-12-20 15:21:41', '2023-12-20 17:51:58'),
(226, 70, 8, 3, '2023-12-20 17:51:58', '2023-12-20 15:21:41', '2023-12-20 17:51:58'),
(227, 70, 9, 3, '2023-12-20 17:51:58', '2023-12-20 15:21:41', '2023-12-20 17:51:58'),
(228, 70, 10, 3, '2023-12-20 17:51:58', '2023-12-20 15:21:41', '2023-12-20 17:51:58'),
(229, 71, 4, 4, '2023-12-20 17:52:03', '2023-12-20 15:58:52', '2023-12-20 17:52:03'),
(230, 71, 8, 4, '2023-12-20 17:52:03', '2023-12-20 15:58:52', '2023-12-20 17:52:03'),
(231, 71, 9, 4, '2023-12-20 17:52:03', '2023-12-20 15:58:52', '2023-12-20 17:52:03'),
(232, 71, 10, 4, '2023-12-20 17:52:03', '2023-12-20 15:58:52', '2023-12-20 17:52:03'),
(233, 72, 3, 3, '2023-12-23 09:40:51', '2023-12-23 08:12:54', '2023-12-23 09:40:51'),
(234, 72, 8, 3, '2023-12-23 09:40:51', '2023-12-23 08:12:54', '2023-12-23 09:40:51'),
(235, 72, 9, 3, '2023-12-23 09:40:51', '2023-12-23 08:12:54', '2023-12-23 09:40:51'),
(236, 72, 10, 3, '2023-12-23 09:40:51', '2023-12-23 08:12:54', '2023-12-23 09:40:51'),
(237, 73, 5, 5, '2023-12-23 09:28:11', '2023-12-23 08:23:36', '2023-12-23 09:28:11'),
(238, 73, 8, 5, '2023-12-23 09:28:11', '2023-12-23 08:23:36', '2023-12-23 09:28:11'),
(239, 73, 9, 5, '2023-12-23 09:28:11', '2023-12-23 08:23:36', '2023-12-23 09:28:11'),
(240, 73, 10, 5, '2023-12-23 09:28:11', '2023-12-23 08:23:36', '2023-12-23 09:28:11'),
(241, 74, 1, 1, NULL, '2023-12-23 09:50:03', '2023-12-23 09:51:25'),
(242, 74, 8, 1, NULL, '2023-12-23 09:50:03', '2023-12-23 09:51:25'),
(243, 74, 9, 1, NULL, '2023-12-23 09:50:03', '2023-12-23 09:51:25'),
(244, 74, 10, 1, NULL, '2023-12-23 09:50:04', '2023-12-23 09:51:25'),
(245, 74, 13, 1, NULL, '2023-12-23 09:50:04', '2023-12-23 09:51:25'),
(246, 75, 3, 3, NULL, '2023-12-23 10:08:50', '2023-12-23 10:08:50'),
(247, 75, 8, 3, NULL, '2023-12-23 10:08:50', '2023-12-23 10:08:50'),
(248, 75, 9, 3, NULL, '2023-12-23 10:08:50', '2023-12-23 10:08:50'),
(249, 75, 10, 3, NULL, '2023-12-23 10:08:50', '2023-12-23 10:08:50'),
(250, 76, 5, 5, NULL, '2023-12-23 10:15:52', '2023-12-23 10:15:52'),
(251, 76, 8, 5, NULL, '2023-12-23 10:15:52', '2023-12-23 10:15:52'),
(252, 76, 9, 5, NULL, '2023-12-23 10:15:52', '2023-12-23 10:15:52'),
(253, 76, 10, 5, NULL, '2023-12-23 10:15:52', '2023-12-23 10:15:52');

-- --------------------------------------------------------

--
-- Table structure for table `detail_tas`
--

CREATE TABLE `detail_tas` (
  `id` int(11) NOT NULL,
  `tas` int(11) NOT NULL,
  `alat` int(11) NOT NULL,
  `tgl_kembali` datetime DEFAULT NULL,
  `created_at` timestamp NULL DEFAULT NULL,
  `updated_at` timestamp NULL DEFAULT NULL
) ENGINE=InnoDB DEFAULT CHARSET=utf8mb4 COLLATE=utf8mb4_general_ci;

--
-- Dumping data for table `detail_tas`
--

INSERT INTO `detail_tas` (`id`, `tas`, `alat`, `tgl_kembali`, `created_at`, `updated_at`) VALUES
(1, 1, 10, '2023-12-23 09:51:25', '2023-11-14 22:40:26', '2023-12-23 02:51:25'),
(2, 1, 9, '2023-12-23 09:51:25', '2023-11-14 22:40:26', '2023-12-23 02:51:25'),
(3, 1, 8, '2023-12-23 09:51:25', '2023-11-14 22:40:26', '2023-12-23 02:51:25'),
(4, 1, 1, '2023-12-23 09:51:25', '2023-11-14 22:40:26', '2023-12-23 02:51:25'),
(5, 2, 10, NULL, '2023-11-14 22:41:02', '2023-12-20 07:23:21'),
(6, 2, 9, NULL, '2023-11-14 22:41:02', '2023-12-20 07:23:21'),
(7, 2, 8, NULL, '2023-11-14 22:41:02', '2023-12-20 07:23:21'),
(8, 2, 2, NULL, '2023-11-30 05:04:13', '2023-12-20 07:23:21'),
(9, 3, 10, '2023-12-23 10:08:50', '2023-11-14 22:41:50', '2023-12-23 03:08:50'),
(10, 3, 9, '2023-12-23 10:08:50', '2023-11-14 22:41:50', '2023-12-23 03:08:50'),
(11, 3, 8, '2023-12-23 10:08:50', '2023-11-14 22:41:50', '2023-12-23 03:08:50'),
(12, 3, 3, '2023-12-23 10:08:50', '2023-11-14 22:41:50', '2023-12-23 03:08:50'),
(13, 4, 10, NULL, '2023-11-14 22:42:09', '2023-12-20 10:52:03'),
(14, 4, 9, NULL, '2023-11-14 22:42:09', '2023-12-20 10:52:03'),
(15, 4, 8, NULL, '2023-11-14 22:42:09', '2023-12-20 10:52:03'),
(16, 4, 4, NULL, '2023-11-14 22:42:09', '2023-12-20 10:52:03'),
(17, 5, 10, '2023-12-23 10:15:52', '2023-11-14 22:42:28', '2023-12-23 03:15:52'),
(18, 5, 9, '2023-12-23 10:15:52', '2023-11-14 22:42:28', '2023-12-23 03:15:52'),
(19, 5, 8, '2023-12-23 10:15:52', '2023-11-14 22:42:28', '2023-12-23 03:15:52'),
(20, 5, 5, '2023-12-23 10:15:52', '2023-11-14 22:42:28', '2023-12-23 03:15:52'),
(21, 6, 10, NULL, '2023-11-14 22:42:44', '2023-12-12 09:03:49'),
(22, 6, 9, NULL, '2023-11-14 22:42:44', '2023-12-12 09:03:49'),
(23, 6, 8, NULL, '2023-11-14 22:42:44', '2023-12-12 09:03:49'),
(24, 6, 6, NULL, '2023-11-14 22:42:44', '2023-12-12 09:03:49'),
(25, 7, 10, NULL, '2023-11-14 22:42:56', '2023-12-12 09:03:57'),
(26, 7, 9, NULL, '2023-11-14 22:42:56', '2023-12-12 09:03:57'),
(27, 7, 8, NULL, '2023-11-14 22:42:56', '2023-12-12 09:03:57'),
(28, 7, 7, NULL, '2023-11-14 22:42:56', '2023-12-12 09:03:57');

-- --------------------------------------------------------

--
-- Table structure for table `migrations`
--

CREATE TABLE `migrations` (
  `id` int(10) UNSIGNED NOT NULL,
  `migration` varchar(255) NOT NULL,
  `batch` int(11) NOT NULL
) ENGINE=InnoDB DEFAULT CHARSET=utf8mb4 COLLATE=utf8mb4_unicode_ci;

-- --------------------------------------------------------

--
-- Table structure for table `penggunas`
--

CREATE TABLE `penggunas` (
  `id` int(11) NOT NULL,
  `nim` varchar(50) NOT NULL,
  `nama` varchar(255) NOT NULL,
  `nomor_telp` varchar(50) NOT NULL,
  `keperluan` varchar(255) NOT NULL,
  `ruangan` int(11) NOT NULL,
  `tgl_kembali` datetime DEFAULT NULL,
  `updated_at` datetime NOT NULL,
  `created_at` datetime NOT NULL
) ENGINE=InnoDB DEFAULT CHARSET=utf8mb4 COLLATE=utf8mb4_general_ci;

--
-- Dumping data for table `penggunas`
--

INSERT INTO `penggunas` (`id`, `nim`, `nama`, `nomor_telp`, `keperluan`, `ruangan`, `tgl_kembali`, `updated_at`, `created_at`) VALUES
(1, '235211013', 'vina aidatul khusniah', '085755731309', 'Pembelajaran', 4, '2023-11-07 14:31:58', '2023-11-07 14:31:58', '2023-11-07 13:20:08'),
(2, '2331110110', 'Bintan Aulia', '085736533682', 'ict pembelajaran', 12, '2023-11-07 15:08:34', '2023-11-07 15:08:34', '2023-11-07 13:44:41'),
(3, '2111110019', 'Khoirotul Ilmiyah', '085707091588', 'pembelajaran', 15, '2023-12-03 09:57:58', '2023-12-03 09:57:58', '2023-12-03 08:29:51'),
(4, '2114110001', 'Muhammad Rofiqi', '081237045400', 'Pembelajaran', 9, '2023-12-03 12:35:07', '2023-12-03 12:35:07', '2023-12-03 09:46:38'),
(5, '2212110009', 'Muhammad lukman al khakim', '085784166540', 'pembelajaran', 11, '2023-12-03 12:14:33', '2023-12-03 12:14:33', '2023-12-03 11:19:37'),
(8, '2311110084', 'muhammad ridlwan ashif', '083830072453', 'praktikum', 10, '2023-12-03 14:51:57', '2023-12-03 14:51:57', '2023-12-03 13:05:23'),
(9, '2212110001', 'Ahmad Ryan Al Baihaqy', '082251806369', 'Pembelajaran RPL Semester 3', 11, '2023-12-03 14:24:27', '2023-12-03 14:24:27', '2023-12-03 13:34:50'),
(11, '2225110012', 'ichwan prasasti ardiansyah', '081232034763', 'pinjam proyektor', 3, '2023-12-04 16:59:55', '2023-12-04 16:59:55', '2023-12-04 14:00:33'),
(12, '2112110022', 'Sayyidatul Mufarridat', '083131741717', 'Pembelajaran', 10, '2023-12-04 16:41:57', '2023-12-04 16:41:57', '2023-12-04 14:48:49'),
(13, '2114110001', 'Muhammad Rofiqi', '081237045400', 'pembelajaran', 5, '2023-12-04 17:50:29', '2023-12-04 17:50:29', '2023-12-04 15:08:00'),
(14, '2332110027', 'SAFINAH HABIBATUL MUTHIAH', '087781044124', 'pembelajaran', 4, '2023-12-04 16:19:18', '2023-12-04 16:19:18', '2023-12-04 15:19:15'),
(15, '2112110038', 'ARIS QULUBUS SURUR', '089648370101', 'MATAKULIAH', 13, '2023-12-04 17:21:40', '2023-12-04 17:21:40', '2023-12-04 16:23:29'),
(16, '2113110010', 'M. Ayyub Al Afdholi', '083852628789', 'untuk pembelajarann', 17, '2023-12-09 09:12:40', '2023-12-09 09:12:40', '2023-12-09 08:10:02'),
(18, '2312110056', 'M. Syahrudi Al Faid', '0859175727576', 'Pembelajaran', 12, '2023-12-09 09:41:27', '2023-12-09 09:41:27', '2023-12-09 08:16:34'),
(20, '2126110009', 'MUHAMMADANI EKO SAPUTRA', '085806224292', 'PEMBELAJARAN', 8, '2023-12-09 09:55:14', '2023-12-09 09:55:14', '2023-12-09 08:42:33'),
(24, '2226110019', 'masmahatul hidayah', '085746081824', 'peminjaman proyektor', 19, '2023-12-10 11:17:25', '2023-12-10 11:17:25', '2023-12-10 09:29:16'),
(25, '2251110018', 'MUHAMMAD KHARIS ALWAN', '085607977845', 'MEMINJAM PROYEKTOR, KUNCI LAB DAN REMOT AC', 4, '2023-12-10 12:58:12', '2023-12-10 12:58:12', '2023-12-10 11:28:16'),
(27, '2311110088', 'muh rifqi maulana', '082141693376', 'buat matkul penggambar teknik industri', 10, '2023-12-10 15:11:12', '2023-12-10 15:11:12', '2023-12-10 13:14:58'),
(30, '2312110054', 'jauhar rizky', '081779943890', 'pemograman dasar', 12, '2023-12-12 12:48:02', '2023-12-12 12:48:02', '2023-12-11 13:18:03'),
(32, '2225110012', 'ichwan prasasti ardiansyah', '081232034763', 'pinjam proyektor', 3, '2023-12-11 15:41:55', '2023-12-11 15:41:55', '2023-12-11 13:56:11'),
(33, '2112110022', 'Sayyidatul Mufarridat', '083131741717', 'pembelajaran', 10, '2023-12-11 17:17:46', '2023-12-11 17:17:46', '2023-12-11 14:54:47'),
(34, '2114110004', 'fawaid', '082143096870', 'pembelajaran', 9, '2023-12-11 18:37:01', '2023-12-11 18:37:01', '2023-12-11 16:13:54'),
(35, '2211110026', 'Rama Al Fariz Rosyadi', '085733638781', 'Pinjam Proyektor', 10, '2023-12-12 15:02:03', '2023-12-12 15:02:03', '2023-12-12 12:46:35'),
(36, '2352110018', 'lintang aqmalul hafsho', '085604415112', 'proyektor', 4, '2023-12-12 14:49:19', '2023-12-12 14:49:19', '2023-12-12 13:15:47'),
(37, '21111110069', 'ahmad murtadho', '085784951530', 'praktikum', 15, '2023-12-12 16:07:35', '2023-12-12 16:07:35', '2023-12-12 13:27:17'),
(38, '2226110019', 'masmahatul hidayah', '085746081824', 'pinjam proyektor', 19, '2023-12-12 15:50:49', '2023-12-12 15:50:49', '2023-12-12 14:13:36'),
(39, '2351110065', 'Ana mazroatul diniyah', '085855449526', 'pembelajaran', 4, '2023-12-12 15:46:28', '2023-12-12 15:46:28', '2023-12-12 14:52:22'),
(40, '2112110015', 'maulidiyah rahmawati', '085755564216', 'pembelajaran', 13, '2023-12-12 16:03:49', '2023-12-12 16:03:49', '2023-12-12 14:55:41'),
(41, '2011110012', 'ALIMAS NURHATI', '08816993204', 'PROYEKTOR', 10, '2023-12-12 16:03:57', '2023-12-12 16:03:57', '2023-12-12 15:04:25'),
(42, '2112110027', 'Emiliatus Sholihah', '085722118283', 'Pembelajaran', 13, '2023-12-12 17:19:23', '2023-12-12 17:19:23', '2023-12-12 16:03:13'),
(43, '2211110026', 'Rama Al Fariz Rosyadi', '085733638781', 'pinjam proyektor', 15, '2023-12-13 14:30:57', '2023-12-13 14:30:57', '2023-12-13 13:07:41'),
(44, '2114110001', 'Muhammad Rofiqi', '081237045400', 'pembelajaran', 9, '2023-12-13 17:44:33', '2023-12-13 17:44:33', '2023-12-13 14:02:06'),
(45, '2331110125', 'Nashihatun Nabilah', '082228020246', 'pinjem proyektor', 4, '2023-12-13 16:04:30', '2023-12-13 16:04:30', '2023-12-13 14:35:51'),
(46, '1912110033', 'Alfu Hananan Mubarok', '088803370797', 'Pembelajaran', 11, '2023-12-13 17:28:27', '2023-12-13 17:28:27', '2023-12-13 15:36:32'),
(48, '2331110143', 'ahmad rizik alkhalid', '0881027979555', 'pembelajaran', 4, '2023-12-13 17:04:45', '2023-12-13 17:04:45', '2023-12-13 16:10:49'),
(49, '2312110056', 'M. Syahrudi Al Faid', '0859175727576', 'pembelajaran', 12, '2023-12-16 09:39:25', '2023-12-16 09:39:25', '2023-12-16 08:05:51'),
(50, '2025110024', 'baiti masruroh', '08819472614', 'pinjam proyektor', 4, '2023-12-16 11:38:14', '2023-12-16 11:38:14', '2023-12-16 09:45:51'),
(51, '2114110001', 'Muhammad Rofiqi', '081237045400', 'pembelajaran', 9, '2023-12-16 13:14:30', '2023-12-16 13:14:30', '2023-12-16 10:20:09'),
(52, '2314110006', 'AHMAD JAMALUDDIN AL ABRORY', '085549044060', 'PEMBELAJARAN', 5, '2023-12-16 14:38:07', '2023-12-16 14:38:07', '2023-12-16 13:12:55'),
(53, '2111110019', 'Khoirotul Ilmiyah', '085707091588', 'PRAKTIKUM', 15, '2023-12-17 10:21:51', '2023-12-17 10:21:51', '2023-12-17 08:34:02'),
(54, '2114110004', 'fawaid', '082143096870', 'pembelajaran', 9, '2023-12-17 12:36:54', '2023-12-17 12:36:54', '2023-12-17 09:54:14'),
(55, '2251110018', 'MUHAMMAD KHARIS ALWAN', '085607977845', 'dibuat pembelajaran', 4, '2023-12-17 12:35:59', '2023-12-17 12:35:59', '2023-12-17 11:23:57'),
(56, '2311110084', 'muhammad ridlwan ashif', '083830072453', 'praktikum', 10, '2023-12-17 15:32:51', '2023-12-17 15:32:51', '2023-12-17 13:18:01'),
(57, '2014110008', 'moh Muhtaromin', '085806219254', 'pembelajaran', 5, '2023-12-17 16:17:11', '2023-12-17 16:17:11', '2023-12-17 14:06:55'),
(58, '2312110056', 'M. Syahrudi Al Faid', '0859175727576', 'pembelajaran', 12, '2023-12-18 17:30:16', '2023-12-18 17:30:16', '2023-12-18 13:11:23'),
(59, '2225110001', 'nur wahyuni', '083834956152', 'peminjaman', 3, '2023-12-18 17:23:06', '2023-12-18 17:23:06', '2023-12-18 14:03:43'),
(60, '2114110001', 'Muhammad Rofiqi', '081237045400', 'pembelajaran', 2, '2023-12-18 18:23:45', '2023-12-18 18:23:45', '2023-12-18 14:16:19'),
(61, '2112110026', 'Muhammad Maulid Fauz Muqoddam', '082244161572', 'Meminjam proyektor', 10, '2023-12-18 17:43:34', '2023-12-18 17:43:34', '2023-12-18 14:58:33'),
(62, '2211110001', 'Farah Chilyatun Nafisah', '081259881464', 'Pinjam LCD', 10, '2023-12-19 13:54:56', '2023-12-19 13:54:56', '2023-12-19 13:04:26'),
(63, '2111110030', 'ALVIN0 JULIAN NOVAL FIRDAUS', '081615956935', 'Praktikum project intergrasi', 18, '2023-12-19 14:14:53', '2023-12-19 14:14:53', '2023-12-19 13:07:41'),
(64, '2331110103', 'merry \'arofiyatul husna', '082141675058', 'meminjam lcd', 12, '2023-12-19 14:50:26', '2023-12-19 14:50:26', '2023-12-19 13:45:21'),
(65, '2112110015', 'maulidiyah rahmawati', '085755564216', 'pembelajaran', 13, '2023-12-19 16:18:35', '2023-12-19 16:18:35', '2023-12-19 15:04:07'),
(66, '2212110025', 'Moh fathul Arifin', '081388249955', 'pembelajaran', 11, '2023-12-19 16:10:23', '2023-12-19 16:10:23', '2023-12-19 15:09:49'),
(67, '2112110019', 'Nita Dwi Kurniawati', '085524602064', 'Praktikum Basis Data', 12, '2023-12-19 17:28:16', '2023-12-19 17:28:16', '2023-12-19 16:18:09'),
(68, '2214110004', 'Muhammad Ardian Maulana', '081358667056', 'Pinjam Lcd', 9, '2023-12-19 19:54:09', '2023-12-19 19:54:09', '2023-12-19 16:45:29'),
(69, '2211110007', 'Abdllah fatih', '087845787105', 'pembelajaran', 10, '2023-12-20 14:23:21', '2023-12-20 14:23:21', '2023-12-20 13:07:29'),
(70, '2012110006', 'Moch. Rizal Taufiqul Chalim', '082140864797', 'Peminjaman Projector', 10, '2023-12-20 17:51:58', '2023-12-20 17:51:58', '2023-12-20 15:21:25'),
(71, '2011110011', 'MOH MIFTAHUS SALAM', '085806233470', 'PINJAM PROYEKTOR', 17, '2023-12-20 17:52:03', '2023-12-20 17:52:03', '2023-12-20 15:58:20'),
(72, '2312110056', 'M. Syahrudi Al Faid', '0859175727576', 'pembelajaran', 12, '2023-12-23 09:40:51', '2023-12-23 09:40:51', '2023-12-23 08:12:35'),
(73, '2314110006', 'AHMAD JAMALUDDIN AL ABRORY', '085549044060', 'pembelajaran', 9, '2023-12-23 09:28:11', '2023-12-23 09:28:11', '2023-12-23 08:21:30'),
(74, '2011110012', 'ALIMAS NURHATI', '08816993204', 'Kunci Ergonomi (untuk Buat Video Riset Experiment)', 14, NULL, '2023-12-23 09:51:25', '2023-12-23 09:49:36'),
(75, '2014110002', 'Muhammad Rahmadi Tamim', '085895820659', 'pembelajaran', 5, NULL, '2023-12-23 10:08:40', '2023-12-23 10:08:40'),
(76, '2114110001', 'Muhammad Rofiqi', '081237045400', 'pembelajaran', 9, NULL, '2023-12-23 10:15:47', '2023-12-23 10:15:47');

-- --------------------------------------------------------

--
-- Table structure for table `personal_access_tokens`
--

CREATE TABLE `personal_access_tokens` (
  `id` bigint(20) UNSIGNED NOT NULL,
  `tokenable_type` varchar(255) NOT NULL,
  `tokenable_id` bigint(20) UNSIGNED NOT NULL,
  `name` varchar(255) NOT NULL,
  `token` varchar(64) NOT NULL,
  `abilities` text DEFAULT NULL,
  `last_used_at` timestamp NULL DEFAULT NULL,
  `created_at` timestamp NULL DEFAULT NULL,
  `updated_at` timestamp NULL DEFAULT NULL
) ENGINE=InnoDB DEFAULT CHARSET=utf8mb4 COLLATE=utf8mb4_unicode_ci;

-- --------------------------------------------------------

--
-- Table structure for table `ruangans`
--

CREATE TABLE `ruangans` (
  `id` int(11) NOT NULL,
  `nama_ruang` varchar(255) NOT NULL,
  `updated_at` timestamp NOT NULL DEFAULT current_timestamp() ON UPDATE current_timestamp(),
  `created_at` timestamp NULL DEFAULT NULL
) ENGINE=InnoDB DEFAULT CHARSET=utf8mb4 COLLATE=utf8mb4_general_ci;

--
-- Dumping data for table `ruangans`
--

INSERT INTO `ruangans` (`id`, `nama_ruang`, `updated_at`, `created_at`) VALUES
(1, 'UPT Laboratorium Terpadu', '2023-11-05 10:05:28', '2023-11-05 03:05:28'),
(2, 'Lab. Jaringan', '2023-11-05 10:05:42', '2023-11-05 03:05:42'),
(3, 'Lab. Pembelajaran Matematika', '2023-11-05 10:06:02', '2023-11-05 03:06:02'),
(4, 'Lab. Workshop Komputer', '2023-11-05 10:06:21', '2023-11-05 03:06:21'),
(5, 'Lab. Telekomunikasi', '2023-11-05 10:06:35', '2023-11-05 03:06:35'),
(6, 'Lab. Perbankan', '2023-11-05 10:06:50', '2023-11-05 03:06:50'),
(7, 'Lab. Bahasa', '2023-11-05 10:07:02', '2023-11-05 03:07:02'),
(8, 'Lab. Microteaching', '2023-11-05 10:07:17', '2023-11-05 03:07:17'),
(9, 'Lab. Elektronika', '2023-11-05 10:07:38', '2023-11-05 03:07:38'),
(10, 'Lab. Pengolahan Citra', '2023-11-05 10:07:53', '2023-11-05 03:07:53'),
(11, 'Lab. Sistem Cerdas', '2023-11-05 10:08:06', '2023-11-05 03:08:06'),
(12, 'Lab. Rekayasa Perangkat Lunak ( RPL )', '2023-11-05 10:08:36', '2023-11-05 03:08:36'),
(13, 'Lab. Basis Data', '2023-11-05 10:08:58', '2023-11-05 03:08:58'),
(14, 'Lab. Argonomi ( industri )', '2023-11-05 10:09:32', '2023-11-05 03:09:32'),
(15, 'Lab. Manufaktur ( industri )', '2023-11-05 10:09:52', '2023-11-05 03:09:52'),
(16, 'Lab. Fluida dan Konversi Energi ( Mesin )', '2023-11-05 10:10:54', '2023-11-05 03:10:54'),
(17, 'Lab. Rekayasa Material dan Proses Manufaktur ( Mesin )', '2023-11-05 10:11:24', '2023-11-05 03:11:24'),
(18, 'Lab. Desain dan Otomasi Industri ( Mesin )', '2023-11-05 10:11:55', '2023-11-05 03:11:55'),
(19, 'Auditorium', '2023-11-05 10:12:18', '2023-11-05 03:12:18');

-- --------------------------------------------------------

--
-- Table structure for table `tas`
--

CREATE TABLE `tas` (
  `id` int(11) NOT NULL,
  `label` varchar(255) NOT NULL,
  `created_at` timestamp NULL DEFAULT NULL,
  `updated_at` timestamp NULL DEFAULT NULL
) ENGINE=InnoDB DEFAULT CHARSET=utf8mb4 COLLATE=utf8mb4_general_ci;

--
-- Dumping data for table `tas`
--

INSERT INTO `tas` (`id`, `label`, `created_at`, `updated_at`) VALUES
(1, 'Tas 1', '2023-11-14 22:40:26', '2023-11-14 22:40:26'),
(2, 'Tas 2', '2023-11-14 22:41:02', '2023-11-14 22:41:02'),
(3, 'Tas 3', '2023-11-14 22:41:50', '2023-11-14 22:41:50'),
(4, 'Tas 4', '2023-11-14 22:42:09', '2023-11-14 22:42:09'),
(5, 'Tas 5', '2023-11-14 22:42:28', '2023-11-14 22:42:28'),
(6, 'Tas 6', '2023-11-14 22:42:44', '2023-11-14 22:42:44'),
(7, 'Tas 7', '2023-11-14 22:42:56', '2023-11-14 22:42:56');

-- --------------------------------------------------------

--
-- Table structure for table `users`
--

CREATE TABLE `users` (
  `id` bigint(20) UNSIGNED NOT NULL,
  `username` varchar(255) NOT NULL,
  `password` varchar(255) NOT NULL,
  `created_at` timestamp NULL DEFAULT NULL,
  `updated_at` timestamp NULL DEFAULT NULL,
  `id_account` bigint(20) UNSIGNED NOT NULL
) ENGINE=InnoDB DEFAULT CHARSET=utf8mb4 COLLATE=utf8mb4_unicode_ci;

--
-- Dumping data for table `users`
--

INSERT INTO `users` (`id`, `username`, `password`, `created_at`, `updated_at`, `id_account`) VALUES
(1, 'admin', '$2y$10$qMHdtXVm6lRrBRYW54uECe1Ky3E9wGcGdCyHxXoT8lKtM7VXEWL9K', '2023-10-30 01:49:40', '2023-10-30 01:49:40', 1),
(2, 'Adhy', '$2y$10$gYqRGVGcvP/eMjYGDxUVq.8fSc0ABfoEHXnhrnQRpVTARJvubySbi', '2023-12-09 01:53:39', '2023-12-09 01:53:39', 2);

--
-- Indexes for dumped tables
--

--
-- Indexes for table `accounts`
--
ALTER TABLE `accounts`
  ADD PRIMARY KEY (`id`);

--
-- Indexes for table `alats`
--
ALTER TABLE `alats`
  ADD PRIMARY KEY (`id`);

--
-- Indexes for table `detail_pengguna`
--
ALTER TABLE `detail_pengguna`
  ADD PRIMARY KEY (`id`);

--
-- Indexes for table `detail_tas`
--
ALTER TABLE `detail_tas`
  ADD PRIMARY KEY (`id`);

--
-- Indexes for table `migrations`
--
ALTER TABLE `migrations`
  ADD PRIMARY KEY (`id`);

--
-- Indexes for table `penggunas`
--
ALTER TABLE `penggunas`
  ADD PRIMARY KEY (`id`),
  ADD KEY `ruangan` (`ruangan`);

--
-- Indexes for table `personal_access_tokens`
--
ALTER TABLE `personal_access_tokens`
  ADD PRIMARY KEY (`id`),
  ADD UNIQUE KEY `personal_access_tokens_token_unique` (`token`),
  ADD KEY `personal_access_tokens_tokenable_type_tokenable_id_index` (`tokenable_type`,`tokenable_id`);

--
-- Indexes for table `ruangans`
--
ALTER TABLE `ruangans`
  ADD PRIMARY KEY (`id`);

--
-- Indexes for table `tas`
--
ALTER TABLE `tas`
  ADD PRIMARY KEY (`id`);

--
-- Indexes for table `users`
--
ALTER TABLE `users`
  ADD PRIMARY KEY (`id`),
  ADD KEY `users_id_account_foreign` (`id_account`);

--
-- AUTO_INCREMENT for dumped tables
--

--
-- AUTO_INCREMENT for table `accounts`
--
ALTER TABLE `accounts`
  MODIFY `id` bigint(20) UNSIGNED NOT NULL AUTO_INCREMENT, AUTO_INCREMENT=3;

--
-- AUTO_INCREMENT for table `alats`
--
ALTER TABLE `alats`
  MODIFY `id` int(11) NOT NULL AUTO_INCREMENT, AUTO_INCREMENT=15;

--
-- AUTO_INCREMENT for table `detail_pengguna`
--
ALTER TABLE `detail_pengguna`
  MODIFY `id` int(11) NOT NULL AUTO_INCREMENT, AUTO_INCREMENT=254;

--
-- AUTO_INCREMENT for table `detail_tas`
--
ALTER TABLE `detail_tas`
  MODIFY `id` int(11) NOT NULL AUTO_INCREMENT, AUTO_INCREMENT=29;

--
-- AUTO_INCREMENT for table `migrations`
--
ALTER TABLE `migrations`
  MODIFY `id` int(10) UNSIGNED NOT NULL AUTO_INCREMENT, AUTO_INCREMENT=6;

--
-- AUTO_INCREMENT for table `penggunas`
--
ALTER TABLE `penggunas`
  MODIFY `id` int(11) NOT NULL AUTO_INCREMENT, AUTO_INCREMENT=77;

--
-- AUTO_INCREMENT for table `personal_access_tokens`
--
ALTER TABLE `personal_access_tokens`
  MODIFY `id` bigint(20) UNSIGNED NOT NULL AUTO_INCREMENT;

--
-- AUTO_INCREMENT for table `ruangans`
--
ALTER TABLE `ruangans`
  MODIFY `id` int(11) NOT NULL AUTO_INCREMENT, AUTO_INCREMENT=20;

--
-- AUTO_INCREMENT for table `tas`
--
ALTER TABLE `tas`
  MODIFY `id` int(11) NOT NULL AUTO_INCREMENT, AUTO_INCREMENT=8;

--
-- AUTO_INCREMENT for table `users`
--
ALTER TABLE `users`
  MODIFY `id` bigint(20) UNSIGNED NOT NULL AUTO_INCREMENT, AUTO_INCREMENT=3;

--
-- Constraints for dumped tables
--

--
-- Constraints for table `penggunas`
--
ALTER TABLE `penggunas`
  ADD CONSTRAINT `penggunas_ibfk_1` FOREIGN KEY (`ruangan`) REFERENCES `ruangans` (`id`);

--
-- Constraints for table `users`
--
ALTER TABLE `users`
  ADD CONSTRAINT `users_id_account_foreign` FOREIGN KEY (`id_account`) REFERENCES `accounts` (`id`);
COMMIT;

/*!40101 SET CHARACTER_SET_CLIENT=@OLD_CHARACTER_SET_CLIENT */;
/*!40101 SET CHARACTER_SET_RESULTS=@OLD_CHARACTER_SET_RESULTS */;
/*!40101 SET COLLATION_CONNECTION=@OLD_COLLATION_CONNECTION */;
